{
    "openapi": "3.0.0",
    "info": {
        "title": "API Documentation",
        "description": "Dokumentasi API untuk aplikasi Laravel CMS",
        "contact": {
            "email": "admin@example.com"
        },
        "license": {
            "name": "Apache 2.0",
            "url": "http://www.apache.org/licenses/LICENSE-2.0.html"
        },
        "version": "1.0.0"
    },
    "paths": {
        "/users": {
            "get": {
                "tags": [
                    "Users"
                ],
                "summary": "Get list of users",
                "operationId": "56e5b6bbdf2e87bbf38e909f6cd354f9",
                "responses": {
                    "200": {
                        "description": "Successful operation"
                    }
                }
            }
        }
    },
    "tags": [
        {
            "name": "Users",
            "description": "Users"
        }
    ]
}